{
  "literal": {
    "accuracy": 0.72,
    "recall": 0.66723259762309,
    "f1": 0.6727442730247779,
    "precision": 0.7160087719298246,
    "report": {
      "0": {
        "precision": 0.7083333333333334,
        "recall": 0.4473684210526316,
        "f1-score": 0.5483870967741935,
        "support": 38.0
      },
      "1": {
        "precision": 0.7236842105263158,
        "recall": 0.8870967741935484,
        "f1-score": 0.7971014492753623,
        "support": 62.0
      },
      "accuracy": 0.72,
      "macro avg": {
        "precision": 0.7160087719298246,
        "recall": 0.66723259762309,
        "f1-score": 0.6727442730247779,
        "support": 100.0
      },
      "weighted avg": {
        "precision": 0.7178508771929825,
        "recall": 0.72,
        "f1-score": 0.7025899953249182,
        "support": 100.0
      }
    }
  },
  "meaning": {
    "accuracy": 0.65,
    "recall": 0.21666666666666667,
    "f1": 0.2626262626262626,
    "precision": 0.3333333333333333,
    "report": {
      "0": {
        "precision": 0.0,
        "recall": 0.0,
        "f1-score": 0.0,
        "support": 0.0
      },
      "1": {
        "precision": 1.0,
        "recall": 0.65,
        "f1-score": 0.7878787878787878,
        "support": 100.0
      },
      "2": {
        "precision": 0.0,
        "recall": 0.0,
        "f1-score": 0.0,
        "support": 0.0
      },
      "accuracy": 0.65,
      "macro avg": {
        "precision": 0.3333333333333333,
        "recall": 0.21666666666666667,
        "f1-score": 0.2626262626262626,
        "support": 100.0
      },
      "weighted avg": {
        "precision": 1.0,
        "recall": 0.65,
        "f1-score": 0.7878787878787878,
        "support": 100.0
      }
    }
  },
  "text": {
    "accuracy": 0.41,
    "recall": 0.41370796083439765,
    "f1": 0.37570476279475434,
    "precision": 0.40709303467924157,
    "report": {
      "0": {
        "precision": 0.6896551724137931,
        "recall": 0.3448275862068966,
        "f1-score": 0.45977011494252873,
        "support": 58.0
      },
      "1": {
        "precision": 0.37777777777777777,
        "recall": 0.6296296296296297,
        "f1-score": 0.4722222222222222,
        "support": 27.0
      },
      "2": {
        "precision": 0.15384615384615385,
        "recall": 0.26666666666666666,
        "f1-score": 0.1951219512195122,
        "support": 15.0
      },
      "accuracy": 0.41,
      "macro avg": {
        "precision": 0.40709303467924157,
        "recall": 0.41370796083439765,
        "f1-score": 0.37570476279475434,
        "support": 100.0
      },
      "weighted avg": {
        "precision": 0.5250769230769231,
        "recall": 0.41,
        "f1-score": 0.4234349593495936,
        "support": 100.0
      }
    }
  }
}