{
  "literal": {
    "accuracy": 0.72,
    "recall": 0.6845804051260851,
    "f1": 0.6880570409982174,
    "precision": 0.7265347539320142,
    "report": {
      "0": {
        "precision": 0.7407407407407407,
        "recall": 0.4878048780487805,
        "f1-score": 0.5882352941176471,
        "support": 41.0
      },
      "1": {
        "precision": 0.7123287671232876,
        "recall": 0.8813559322033898,
        "f1-score": 0.7878787878787878,
        "support": 59.0
      },
      "accuracy": 0.72,
      "macro avg": {
        "precision": 0.7265347539320142,
        "recall": 0.6845804051260851,
        "f1-score": 0.6880570409982174,
        "support": 100.0
      },
      "weighted avg": {
        "precision": 0.7239776763064434,
        "recall": 0.72,
        "f1-score": 0.7060249554367201,
        "support": 100.0
      }
    }
  },
  "meaning": {
    "accuracy": 0.77,
    "recall": 0.385,
    "f1": 0.4350282485875706,
    "precision": 0.5,
    "report": {
      "0": {
        "precision": 0.0,
        "recall": 0.0,
        "f1-score": 0.0,
        "support": 0.0
      },
      "1": {
        "precision": 1.0,
        "recall": 0.77,
        "f1-score": 0.8700564971751412,
        "support": 100.0
      },
      "accuracy": 0.77,
      "macro avg": {
        "precision": 0.5,
        "recall": 0.385,
        "f1-score": 0.4350282485875706,
        "support": 100.0
      },
      "weighted avg": {
        "precision": 1.0,
        "recall": 0.77,
        "f1-score": 0.8700564971751412,
        "support": 100.0
      }
    }
  },
  "text": {
    "accuracy": 0.55,
    "recall": 0.539069264069264,
    "f1": 0.5230054864177706,
    "precision": 0.5174280381176933,
    "report": {
      "0": {
        "precision": 0.6888888888888889,
        "recall": 0.5636363636363636,
        "f1-score": 0.62,
        "support": 55.0
      },
      "1": {
        "precision": 0.5172413793103449,
        "recall": 0.625,
        "f1-score": 0.5660377358490566,
        "support": 24.0
      },
      "2": {
        "precision": 0.34615384615384615,
        "recall": 0.42857142857142855,
        "f1-score": 0.3829787234042553,
        "support": 21.0
      },
      "accuracy": 0.55,
      "macro avg": {
        "precision": 0.5174280381176933,
        "recall": 0.539069264069264,
        "f1-score": 0.5230054864177706,
        "support": 100.0
      },
      "weighted avg": {
        "precision": 0.5757191276156793,
        "recall": 0.55,
        "f1-score": 0.5572745885186672,
        "support": 100.0
      }
    }
  }
}