{
    "idioms": {
        "literal": {
            "accuracy": 0.8,
            "recall": 0.7946428571428572,
            "f1": 0.7963800904977376,
            "precision": 0.8055555555555556,
            "report": {
                "0": {
                    "precision": 0.8333333333333334,
                    "recall": 0.7142857142857143,
                    "f1-score": 0.7692307692307693,
                    "support": 7.0
                },
                "1": {
                    "precision": 0.7777777777777778,
                    "recall": 0.875,
                    "f1-score": 0.8235294117647058,
                    "support": 8.0
                },
                "accuracy": 0.8,
                "macro avg": {
                    "precision": 0.8055555555555556,
                    "recall": 0.7946428571428572,
                    "f1-score": 0.7963800904977376,
                    "support": 15.0
                },
                "weighted avg": {
                    "precision": 0.8037037037037038,
                    "recall": 0.8,
                    "f1-score": 0.7981900452488688,
                    "support": 15.0
                }
            }
        },
        "meaning": {
            "accuracy": 0.5333333333333333,
            "recall": 0.17777777777777778,
            "f1": 0.2318840579710145,
            "precision": 0.3333333333333333,
            "report": {
                "0": {
                    "precision": 0.0,
                    "recall": 0.0,
                    "f1-score": 0.0,
                    "support": 0.0
                },
                "1": {
                    "precision": 1.0,
                    "recall": 0.5333333333333333,
                    "f1-score": 0.6956521739130435,
                    "support": 15.0
                },
                "2": {
                    "precision": 0.0,
                    "recall": 0.0,
                    "f1-score": 0.0,
                    "support": 0.0
                },
                "accuracy": 0.5333333333333333,
                "macro avg": {
                    "precision": 0.3333333333333333,
                    "recall": 0.17777777777777778,
                    "f1-score": 0.2318840579710145,
                    "support": 15.0
                },
                "weighted avg": {
                    "precision": 1.0,
                    "recall": 0.5333333333333333,
                    "f1-score": 0.6956521739130435,
                    "support": 15.0
                }
            }
        },
        "text": {
            "accuracy": 0.6,
            "recall": 0.3333333333333333,
            "f1": 0.36507936507936506,
            "precision": 0.4074074074074074,
            "report": {
                "0": {
                    "precision": 0.8888888888888888,
                    "recall": 0.6666666666666666,
                    "f1-score": 0.7619047619047619,
                    "support": 12.0
                },
                "1": {
                    "precision": 0.0,
                    "recall": 0.0,
                    "f1-score": 0.0,
                    "support": 0.0
                },
                "2": {
                    "precision": 0.3333333333333333,
                    "recall": 0.3333333333333333,
                    "f1-score": 0.3333333333333333,
                    "support": 3.0
                },
                "accuracy": 0.6,
                "macro avg": {
                    "precision": 0.4074074074074074,
                    "recall": 0.3333333333333333,
                    "f1-score": 0.36507936507936506,
                    "support": 15.0
                },
                "weighted avg": {
                    "precision": 0.7777777777777778,
                    "recall": 0.6,
                    "f1-score": 0.6761904761904761,
                    "support": 15.0
                }
            }
        }
    }
}