{
    "disrpt": {
        "accuracy": 0.3333333333333333,
        "recall": 0.2916666666666667,
        "f1": 0.27777777777777773,
        "precision": 0.3125
    }
}