{
  "literal": {
    "accuracy": 0.7373737373737373,
    "recall": 0.7355102040816326,
    "f1": 0.7273305084745763,
    "precision": 0.773719165085389,
    "report": {
      "0": {
        "precision": 0.8709677419354839,
        "recall": 0.5510204081632653,
        "f1-score": 0.675,
        "support": 49.0
      },
      "1": {
        "precision": 0.6764705882352942,
        "recall": 0.92,
        "f1-score": 0.7796610169491526,
        "support": 50.0
      },
      "accuracy": 0.7373737373737373,
      "macro avg": {
        "precision": 0.773719165085389,
        "recall": 0.7355102040816326,
        "f1-score": 0.7273305084745763,
        "support": 99.0
      },
      "weighted avg": {
        "precision": 0.7727368562283173,
        "recall": 0.7373737373737373,
        "f1-score": 0.7278590994692689,
        "support": 99.0
      }
    }
  },
  "meaning": {
    "accuracy": 0.71,
    "recall": 0.23666666666666666,
    "f1": 0.27680311890838205,
    "precision": 0.3333333333333333,
    "report": {
      "0": {
        "precision": 0.0,
        "recall": 0.0,
        "f1-score": 0.0,
        "support": 0.0
      },
      "1": {
        "precision": 1.0,
        "recall": 0.71,
        "f1-score": 0.8304093567251462,
        "support": 100.0
      },
      "2": {
        "precision": 0.0,
        "recall": 0.0,
        "f1-score": 0.0,
        "support": 0.0
      },
      "accuracy": 0.71,
      "macro avg": {
        "precision": 0.3333333333333333,
        "recall": 0.23666666666666666,
        "f1-score": 0.27680311890838205,
        "support": 100.0
      },
      "weighted avg": {
        "precision": 1.0,
        "recall": 0.71,
        "f1-score": 0.8304093567251463,
        "support": 100.0
      }
    }
  },
  "text": {
    "accuracy": 0.6464646464646465,
    "recall": 0.6092846975699268,
    "f1": 0.5751803751803752,
    "precision": 0.5755834204110066,
    "report": {
      "0": {
        "precision": 0.8333333333333334,
        "recall": 0.7017543859649122,
        "f1-score": 0.7619047619047619,
        "support": 57.0
      },
      "1": {
        "precision": 0.6206896551724138,
        "recall": 0.5806451612903226,
        "f1-score": 0.6,
        "support": 31.0
      },
      "2": {
        "precision": 0.2727272727272727,
        "recall": 0.5454545454545454,
        "f1-score": 0.36363636363636365,
        "support": 11.0
      },
      "accuracy": 0.6464646464646465,
      "macro avg": {
        "precision": 0.5755834204110066,
        "recall": 0.6092846975699268,
        "f1-score": 0.5751803751803752,
        "support": 99.0
      },
      "weighted avg": {
        "precision": 0.70445837687217,
        "recall": 0.6464646464646465,
        "f1-score": 0.666955266955267,
        "support": 99.0
      }
    }
  }
}